{
  "version": 3,
  "targets": {
    ".NETFramework,Version=v4.6.1": {
      "AvalonEdit/5.0.3": {
        "type": "package",
        "compile": {
          "lib/Net40/_._": {}
        },
        "runtime": {
          "lib/Net40/ICSharpCode.AvalonEdit.dll": {}
        }
      },
      "BouncyCastle/1.8.2": {
        "type": "package",
        "compile": {
          "lib/_._": {}
        },
        "runtime": {
          "lib/BouncyCastle.Crypto.dll": {}
        }
      },
      "ClosedXML/0.87.1": {
        "type": "package",
        "dependencies": {
          "DocumentFormat.OpenXml": "2.5.0"
        },
        "compile": {
          "lib/net40/_._": {}
        },
        "runtime": {
          "lib/net40/ClosedXML.dll": {}
        }
      },
      "CsvHelper/2.13.5": {
        "type": "package",
        "compile": {
          "lib/net40-client/_._": {}
        },
        "runtime": {
          "lib/net40-client/CsvHelper.dll": {}
        }
      },
      "DocumentFormat.OpenXml/2.5.0": {
        "type": "package",
        "compile": {
          "lib/_._": {}
        },
        "runtime": {
          "lib/DocumentFormat.OpenXml.dll": {}
        }
      },
      "Extended.Wpf.Toolkit/2.8.0": {
        "type": "package",
        "frameworkAssemblies": [
          "PresentationCore",
          "PresentationFramework",
          "System",
          "System.Xaml",
          "WindowsBase"
        ],
        "compile": {
          "lib/net40/_._": {}
        },
        "runtime": {
          "lib/net40/Xceed.Wpf.AvalonDock.Themes.Aero.dll": {},
          "lib/net40/Xceed.Wpf.AvalonDock.Themes.Metro.dll": {},
          "lib/net40/Xceed.Wpf.AvalonDock.Themes.VS2010.dll": {},
          "lib/net40/Xceed.Wpf.AvalonDock.dll": {},
          "lib/net40/Xceed.Wpf.DataGrid.dll": {},
          "lib/net40/Xceed.Wpf.Toolkit.dll": {}
        },
        "resource": {
          "lib/net40/de/Xceed.Wpf.AvalonDock.resources.dll": {
            "locale": "de"
          },
          "lib/net40/es/Xceed.Wpf.AvalonDock.resources.dll": {
            "locale": "es"
          },
          "lib/net40/fr/Xceed.Wpf.AvalonDock.resources.dll": {
            "locale": "fr"
          },
          "lib/net40/hu/Xceed.Wpf.AvalonDock.resources.dll": {
            "locale": "hu"
          },
          "lib/net40/it/Xceed.Wpf.AvalonDock.resources.dll": {
            "locale": "it"
          },
          "lib/net40/pt-BR/Xceed.Wpf.AvalonDock.resources.dll": {
            "locale": "pt-BR"
          },
          "lib/net40/ro/Xceed.Wpf.AvalonDock.resources.dll": {
            "locale": "ro"
          },
          "lib/net40/ru/Xceed.Wpf.AvalonDock.resources.dll": {
            "locale": "ru"
          },
          "lib/net40/sv/Xceed.Wpf.AvalonDock.resources.dll": {
            "locale": "sv"
          },
          "lib/net40/zh-Hans/Xceed.Wpf.AvalonDock.resources.dll": {
            "locale": "zh-Hans"
          }
        }
      },
      "Google.Apis/1.34.0": {
        "type": "package",
        "dependencies": {
          "Google.Apis.Core": "1.34.0",
          "Newtonsoft.Json": "10.0.2",
          "System.Net.Http": "4.3.1"
        },
        "compile": {
          "lib/net45/_._": {}
        },
        "runtime": {
          "lib/net45/Google.Apis.PlatformServices.dll": {},
          "lib/net45/Google.Apis.dll": {}
        }
      },
      "Google.Apis.Auth/1.34.0": {
        "type": "package",
        "dependencies": {
          "Google.Apis": "1.34.0",
          "Google.Apis.Core": "1.34.0"
        },
        "compile": {
          "lib/net45/_._": {}
        },
        "runtime": {
          "lib/net45/Google.Apis.Auth.PlatformServices.dll": {},
          "lib/net45/Google.Apis.Auth.dll": {}
        }
      },
      "Google.Apis.Core/1.34.0": {
        "type": "package",
        "dependencies": {
          "Newtonsoft.Json": "10.0.2",
          "System.Net.Http": "4.3.1"
        },
        "compile": {
          "lib/net45/_._": {}
        },
        "runtime": {
          "lib/net45/Google.Apis.Core.dll": {}
        }
      },
      "Google.Apis.Gmail.v1/1.34.0.1223": {
        "type": "package",
        "dependencies": {
          "Google.Apis": "1.34.0",
          "Google.Apis.Auth": "1.34.0"
        },
        "compile": {
          "lib/net45/_._": {}
        },
        "runtime": {
          "lib/net45/Google.Apis.Gmail.v1.dll": {}
        }
      },
      "Humanizer.Core/2.4.2": {
        "type": "package",
        "compile": {
          "lib/netstandard2.0/_._": {}
        },
        "runtime": {
          "lib/netstandard2.0/Humanizer.dll": {}
        }
      },
      "Microsoft.Exchange.WebServices/2.2.0": {
        "type": "package",
        "compile": {
          "lib/40/_._": {}
        },
        "runtime": {
          "lib/40/Microsoft.Exchange.WebServices.Auth.dll": {},
          "lib/40/Microsoft.Exchange.WebServices.dll": {}
        }
      },
      "Microsoft.Rest.ClientRuntime/2.3.10": {
        "type": "package",
        "dependencies": {
          "Newtonsoft.Json": "6.0.8"
        },
        "compile": {
          "lib/net452/_._": {}
        },
        "runtime": {
          "lib/net452/Microsoft.Rest.ClientRuntime.dll": {}
        }
      },
      "Microsoft.VisualStudio.OLE.Interop/7.10.6071": {
        "type": "package",
        "compile": {
          "lib/_._": {}
        },
        "runtime": {
          "lib/Microsoft.VisualStudio.OLE.Interop.dll": {}
        }
      },
      "MimeKit/2.0.6": {
        "type": "package",
        "dependencies": {
          "BouncyCastle": "1.8.2"
        },
        "frameworkAssemblies": [
          "System",
          "System.Core",
          "System.Data",
          "System.Net.Http",
          "System.Security"
        ],
        "compile": {
          "lib/net45/_._": {}
        },
        "runtime": {
          "lib/net45/MimeKit.dll": {}
        }
      },
      "Newtonsoft.Json/11.0.2": {
        "type": "package",
        "compile": {
          "lib/net45/_._": {}
        },
        "runtime": {
          "lib/net45/Newtonsoft.Json.dll": {}
        }
      },
      "NPOI/2.4.1": {
        "type": "package",
        "dependencies": {
          "SharpZipLib": "1.0.0"
        },
        "compile": {
          "lib/net45/_._": {}
        },
        "runtime": {
          "lib/net45/NPOI.OOXML.dll": {},
          "lib/net45/NPOI.OpenXml4Net.dll": {},
          "lib/net45/NPOI.OpenXmlFormats.dll": {},
          "lib/net45/NPOI.dll": {}
        }
      },
      "SharpZipLib/1.0.0": {
        "type": "package",
        "compile": {
          "lib/net45/_._": {}
        },
        "runtime": {
          "lib/net45/ICSharpCode.SharpZipLib.dll": {}
        }
      },
      "System.Net.Http/4.3.1": {
        "type": "package",
        "dependencies": {
          "System.Security.Cryptography.X509Certificates": "4.3.0"
        },
        "frameworkAssemblies": [
          "System",
          "System.Core",
          "mscorlib"
        ],
        "compile": {
          "ref/net46/_._": {}
        },
        "runtime": {
          "lib/net46/System.Net.Http.dll": {}
        },
        "runtimeTargets": {
          "runtimes/unix/lib/netstandard1.6/System.Net.Http.dll": {
            "assetType": "runtime",
            "rid": "unix"
          },
          "runtimes/win/lib/net46/System.Net.Http.dll": {
            "assetType": "runtime",
            "rid": "win"
          }
        }
      },
      "System.Security.Cryptography.Algorithms/4.3.0": {
        "type": "package",
        "dependencies": {
          "System.Security.Cryptography.Primitives": "4.3.0"
        },
        "frameworkAssemblies": [
          "System.Core",
          "mscorlib"
        ],
        "compile": {
          "ref/net461/_._": {}
        },
        "runtime": {
          "lib/net461/System.Security.Cryptography.Algorithms.dll": {}
        },
        "runtimeTargets": {
          "runtimes/osx/lib/netstandard1.6/System.Security.Cryptography.Algorithms.dll": {
            "assetType": "runtime",
            "rid": "osx"
          },
          "runtimes/unix/lib/netstandard1.6/System.Security.Cryptography.Algorithms.dll": {
            "assetType": "runtime",
            "rid": "unix"
          },
          "runtimes/win/lib/net461/System.Security.Cryptography.Algorithms.dll": {
            "assetType": "runtime",
            "rid": "win"
          }
        }
      },
      "System.Security.Cryptography.Encoding/4.3.0": {
        "type": "package",
        "frameworkAssemblies": [
          "System",
          "mscorlib"
        ],
        "compile": {
          "ref/net46/_._": {}
        },
        "runtime": {
          "lib/net46/System.Security.Cryptography.Encoding.dll": {}
        },
        "runtimeTargets": {
          "runtimes/unix/lib/netstandard1.3/System.Security.Cryptography.Encoding.dll": {
            "assetType": "runtime",
            "rid": "unix"
          },
          "runtimes/win/lib/net46/System.Security.Cryptography.Encoding.dll": {
            "assetType": "runtime",
            "rid": "win"
          }
        }
      },
      "System.Security.Cryptography.Primitives/4.3.0": {
        "type": "package",
        "frameworkAssemblies": [
          "mscorlib"
        ],
        "compile": {
          "ref/net46/_._": {}
        },
        "runtime": {
          "lib/net46/System.Security.Cryptography.Primitives.dll": {}
        }
      },
      "System.Security.Cryptography.X509Certificates/4.3.0": {
        "type": "package",
        "dependencies": {
          "System.Security.Cryptography.Algorithms": "4.3.0",
          "System.Security.Cryptography.Encoding": "4.3.0"
        },
        "frameworkAssemblies": [
          "System",
          "System.Core",
          "mscorlib"
        ],
        "compile": {
          "ref/net461/_._": {}
        },
        "runtime": {
          "lib/net461/System.Security.Cryptography.X509Certificates.dll": {}
        },
        "runtimeTargets": {
          "runtimes/unix/lib/netstandard1.6/System.Security.Cryptography.X509Certificates.dll": {
            "assetType": "runtime",
            "rid": "unix"
          },
          "runtimes/win/lib/net461/System.Security.Cryptography.X509Certificates.dll": {
            "assetType": "runtime",
            "rid": "win"
          }
        }
      },
      "UiPath/10.0.7004.31775": {
        "type": "package",
        "compile": {
          "lib/_._": {}
        },
        "runtime": {
          "lib/UiPath.Interop.dll": {}
        },
        "build": {
          "build/_._": {}
        }
      },
      "UiPath.Excel.Activities/2.5.2": {
        "type": "package",
        "dependencies": {
          "ClosedXML": "0.87.1",
          "CsvHelper": "2.13.5",
          "DocumentFormat.OpenXml": "2.5.0",
          "Microsoft.VisualStudio.OLE.Interop": "7.10.6071",
          "NPOI": "2.4.1",
          "SharpZipLib": "1.0.0"
        },
        "compile": {
          "lib/net452/_._": {}
        },
        "runtime": {
          "lib/net452/UiPath.Excel.Activities.Design.dll": {},
          "lib/net452/UiPath.Excel.Activities.dll": {},
          "lib/net452/UiPath.Excel.dll": {}
        },
        "resource": {
          "lib/net452/fr/UiPath.Excel.Activities.Design.resources.dll": {
            "locale": "fr"
          },
          "lib/net452/fr/UiPath.Excel.Activities.resources.dll": {
            "locale": "fr"
          },
          "lib/net452/fr/UiPath.Excel.resources.dll": {
            "locale": "fr"
          },
          "lib/net452/ja/UiPath.Excel.Activities.Design.resources.dll": {
            "locale": "ja"
          },
          "lib/net452/ja/UiPath.Excel.Activities.resources.dll": {
            "locale": "ja"
          },
          "lib/net452/ja/UiPath.Excel.resources.dll": {
            "locale": "ja"
          },
          "lib/net452/ru/UiPath.Excel.Activities.Design.resources.dll": {
            "locale": "ru"
          },
          "lib/net452/ru/UiPath.Excel.Activities.resources.dll": {
            "locale": "ru"
          },
          "lib/net452/ru/UiPath.Excel.resources.dll": {
            "locale": "ru"
          }
        }
      },
      "UiPath.Mail.Activities/1.3.0": {
        "type": "package",
        "dependencies": {
          "BouncyCastle": "1.8.1",
          "Microsoft.Exchange.WebServices": "2.2.0"
        },
        "compile": {
          "lib/net452/_._": {}
        },
        "runtime": {
          "lib/net452/MailKit.dll": {},
          "lib/net452/MimeKit.dll": {},
          "lib/net452/UiPath.Mail.Activities.Design.dll": {},
          "lib/net452/UiPath.Mail.Activities.dll": {},
          "lib/net452/UiPath.Mail.dll": {}
        },
        "resource": {
          "lib/net452/fr/UiPath.Mail.Activities.Design.resources.dll": {
            "locale": "fr"
          },
          "lib/net452/fr/UiPath.Mail.Activities.resources.dll": {
            "locale": "fr"
          },
          "lib/net452/fr/UiPath.Mail.resources.dll": {
            "locale": "fr"
          },
          "lib/net452/ja/UiPath.Mail.Activities.Design.resources.dll": {
            "locale": "ja"
          },
          "lib/net452/ja/UiPath.Mail.Activities.resources.dll": {
            "locale": "ja"
          },
          "lib/net452/ja/UiPath.Mail.resources.dll": {
            "locale": "ja"
          },
          "lib/net452/ru/UiPath.Mail.Activities.Design.resources.dll": {
            "locale": "ru"
          },
          "lib/net452/ru/UiPath.Mail.Activities.resources.dll": {
            "locale": "ru"
          },
          "lib/net452/ru/UiPath.Mail.resources.dll": {
            "locale": "ru"
          }
        }
      },
      "UiPath.System.Activities/19.3.0": {
        "type": "package",
        "dependencies": {
          "CsvHelper": "2.13.5",
          "Microsoft.Rest.ClientRuntime": "2.3.10",
          "Newtonsoft.Json": "11.0.2"
        },
        "compile": {
          "lib/net461/_._": {}
        },
        "runtime": {
          "lib/net461/ActiproSoftware.Docking.Wpf.dll": {},
          "lib/net461/ActiproSoftware.Ribbon.Wpf.dll": {},
          "lib/net461/ActiproSoftware.Shared.Wpf.dll": {},
          "lib/net461/ActiproSoftware.SyntaxEditor.Addons.DotNet.Wpf.dll": {},
          "lib/net461/ActiproSoftware.SyntaxEditor.Wpf.dll": {},
          "lib/net461/ActiproSoftware.Text.Addons.DotNet.Wpf.dll": {},
          "lib/net461/ActiproSoftware.Text.LLParser.Wpf.dll": {},
          "lib/net461/ActiproSoftware.Text.Wpf.dll": {},
          "lib/net461/ActiproSoftware.Wizard.Wpf.dll": {},
          "lib/net461/CustomInputForm.exe": {},
          "lib/net461/UiPath.OrchestratorClient.dll": {},
          "lib/net461/UiPath.System.Activities.Design.dll": {},
          "lib/net461/UiPath.System.Activities.dll": {}
        },
        "resource": {
          "lib/net461/fr/UiPath.System.Activities.Design.resources.dll": {
            "locale": "fr"
          },
          "lib/net461/fr/UiPath.System.Activities.resources.dll": {
            "locale": "fr"
          },
          "lib/net461/ja/UiPath.System.Activities.Design.resources.dll": {
            "locale": "ja"
          },
          "lib/net461/ja/UiPath.System.Activities.resources.dll": {
            "locale": "ja"
          },
          "lib/net461/ru/UiPath.System.Activities.Design.resources.dll": {
            "locale": "ru"
          },
          "lib/net461/ru/UiPath.System.Activities.resources.dll": {
            "locale": "ru"
          }
        }
      },
      "UiPath.UIAutomation.Activities/19.3.0": {
        "type": "package",
        "dependencies": {
          "AvalonEdit": "5.0.3",
          "Extended.Wpf.Toolkit": "2.8.0",
          "Humanizer.Core": "2.4.2",
          "UiPath": "10.0.7004.31775",
          "UiPath.Vision": "1.4.0"
        },
        "compile": {
          "lib/net461/_._": {}
        },
        "runtime": {
          "lib/net461/ActiproSoftware.Docking.Wpf.dll": {},
          "lib/net461/ActiproSoftware.Editors.Wpf.dll": {},
          "lib/net461/ActiproSoftware.Ribbon.Wpf.dll": {},
          "lib/net461/ActiproSoftware.Shared.Wpf.dll": {},
          "lib/net461/ActiproSoftware.SyntaxEditor.Addons.DotNet.Wpf.dll": {},
          "lib/net461/ActiproSoftware.SyntaxEditor.Wpf.dll": {},
          "lib/net461/ActiproSoftware.Text.Addons.DotNet.Wpf.dll": {},
          "lib/net461/ActiproSoftware.Text.LLParser.Wpf.dll": {},
          "lib/net461/ActiproSoftware.Text.Wpf.dll": {},
          "lib/net461/ActiproSoftware.Wizard.Wpf.dll": {},
          "lib/net461/UiPath.UIAutomation.Activities.Design.dll": {},
          "lib/net461/UiPath.UiAutomation.Activities.dll": {},
          "lib/net461/UiPath.Wizards.dll": {}
        },
        "resource": {
          "lib/net461/fr/UiPath.UIAutomation.Activities.Design.resources.dll": {
            "locale": "fr"
          },
          "lib/net461/fr/UiPath.UiAutomation.Activities.resources.dll": {
            "locale": "fr"
          },
          "lib/net461/fr/UiPath.Wizards.resources.dll": {
            "locale": "fr"
          },
          "lib/net461/ja/UiPath.UIAutomation.Activities.Design.resources.dll": {
            "locale": "ja"
          },
          "lib/net461/ja/UiPath.UiAutomation.Activities.resources.dll": {
            "locale": "ja"
          },
          "lib/net461/ja/UiPath.Wizards.resources.dll": {
            "locale": "ja"
          },
          "lib/net461/ru/UiPath.UIAutomation.Activities.Design.resources.dll": {
            "locale": "ru"
          },
          "lib/net461/ru/UiPath.UiAutomation.Activities.resources.dll": {
            "locale": "ru"
          },
          "lib/net461/ru/UiPath.Wizards.resources.dll": {
            "locale": "ru"
          }
        }
      },
      "UiPath.Vision/1.4.0": {
        "type": "package",
        "compile": {
          "lib/net452/_._": {}
        },
        "runtime": {
          "lib/net452/UiPath.Vision.Core.dll": {},
          "lib/net452/UiPath.Vision.dll": {}
        }
      },
      "UiPathTeam.Gmail.Activities/1.0.6822.33137": {
        "type": "package",
        "dependencies": {
          "Google.Apis": "1.34.0",
          "Google.Apis.Auth": "1.34.0",
          "Google.Apis.Core": "1.34.0",
          "Google.Apis.Gmail.v1": "1.34.0.1223",
          "MimeKit": "2.0.6",
          "Newtonsoft.Json": "10.0.2",
          "System.Net.Http": "4.3.1"
        },
        "compile": {
          "lib/net452/_._": {}
        },
        "runtime": {
          "lib/net452/UiPathTeam.Gmail.Activities.Designer.dll": {},
          "lib/net452/UiPathTeam.Gmail.Activities.dll": {}
        }
      }
    }
  },
  "libraries": {
    "AvalonEdit/5.0.3": {
      "sha512": "L5CgXRniZRxI/tjoBztVgZnvTL1F/qKrRJa+Q88I0Gl78WRNaqdMkuOlkAsOHTauBGZSQNDO0/X+xIpzfzmLdQ==",
      "type": "package",
      "path": "avalonedit/5.0.3",
      "files": [
        "avalonedit.5.0.3.nupkg.sha512",
        "avalonedit.nuspec",
        "lib/Net35/ICSharpCode.AvalonEdit.dll",
        "lib/Net35/ICSharpCode.AvalonEdit.xml",
        "lib/Net40/ICSharpCode.AvalonEdit.dll",
        "lib/Net40/ICSharpCode.AvalonEdit.xml"
      ]
    },
    "BouncyCastle/1.8.2": {
      "sha512": "7SiTDVvFcruYq3bJOgCp0ABbBE3tS+30y7jzcFMOM90SQiEMvXbrzob0QW2c2TDV0Tjrc0FubPMJURYcXy6ATA==",
      "type": "package",
      "path": "bouncycastle/1.8.2",
      "files": [
        ".signature.p7s",
        "README.md",
        "bouncycastle.1.8.2.nupkg.sha512",
        "bouncycastle.nuspec",
        "lib/BouncyCastle.Crypto.dll"
      ]
    },
    "ClosedXML/0.87.1": {
      "sha512": "2LC0T8bu2G2kt34C4Ig87uZfrRO4MwMVI54e2To7m3DvwAs2Z2Ir86WQuUoW8Txo1uNGSfmu3DpfpQhSX0bIww==",
      "type": "package",
      "path": "closedxml/0.87.1",
      "files": [
        "closedxml.0.87.1.nupkg.sha512",
        "closedxml.nuspec",
        "lib/net35/ClosedXML.dll",
        "lib/net35/ClosedXML.pdb",
        "lib/net35/ClosedXML.xml",
        "lib/net40/ClosedXML.dll",
        "lib/net40/ClosedXML.pdb",
        "lib/net40/ClosedXML.xml"
      ]
    },
    "CsvHelper/2.13.5": {
      "sha512": "fC8DPi/YTcZ8uXFiAeuT9EpsR2TE5cSJ2jg/4tht/Oen6az/djebpYoCQEtI33RfNrSZ533SedOknlWtUTX3fw==",
      "type": "package",
      "path": "csvhelper/2.13.5",
      "files": [
        "csvhelper.2.13.5.nupkg.sha512",
        "csvhelper.nuspec",
        "lib/net20/CsvHelper.dll",
        "lib/net20/CsvHelper.pdb",
        "lib/net20/CsvHelper.xml",
        "lib/net35-client/CsvHelper.dll",
        "lib/net35-client/CsvHelper.pdb",
        "lib/net35-client/CsvHelper.xml",
        "lib/net40-client/CsvHelper.dll",
        "lib/net40-client/CsvHelper.pdb",
        "lib/net40-client/CsvHelper.xml",
        "lib/portable-net40+sl5+win8+wpa+wp8/CsvHelper.dll",
        "lib/portable-net40+sl5+win8+wpa+wp8/CsvHelper.pdb",
        "lib/portable-net40+sl5+win8+wpa+wp8/CsvHelper.xml"
      ]
    },
    "DocumentFormat.OpenXml/2.5.0": {
      "sha512": "H5jnox0hcLwzAjrpNqDPIItjh7dplF1kk1z8LatpI2h75wBgps1MepEttJFKs7xedQReCMHA0tGpNI0H2B+Mrg==",
      "type": "package",
      "path": "documentformat.openxml/2.5.0",
      "files": [
        "documentformat.openxml.2.5.0.nupkg.sha512",
        "documentformat.openxml.nuspec",
        "lib/DocumentFormat.OpenXml.dll"
      ]
    },
    "Extended.Wpf.Toolkit/2.8.0": {
      "sha512": "YzLQ/sB91g0gRftvlPGOqYJe6TwiPTQoYhO+4ZSsnxaMEQZ5KZIQySTtsTWZ0HJC5+xrgk1Z/if7kjY4cSRPdw==",
      "type": "package",
      "path": "extended.wpf.toolkit/2.8.0",
      "files": [
        ".signature.p7s",
        "extended.wpf.toolkit.2.8.0.nupkg.sha512",
        "extended.wpf.toolkit.nuspec",
        "lib/net35/WPFToolkit.dll",
        "lib/net35/Xceed.Wpf.Toolkit.dll",
        "lib/net40/Xceed.Wpf.AvalonDock.Themes.Aero.dll",
        "lib/net40/Xceed.Wpf.AvalonDock.Themes.Metro.dll",
        "lib/net40/Xceed.Wpf.AvalonDock.Themes.VS2010.dll",
        "lib/net40/Xceed.Wpf.AvalonDock.dll",
        "lib/net40/Xceed.Wpf.DataGrid.dll",
        "lib/net40/Xceed.Wpf.Toolkit.dll",
        "lib/net40/de/Xceed.Wpf.AvalonDock.resources.dll",
        "lib/net40/es/Xceed.Wpf.AvalonDock.resources.dll",
        "lib/net40/fr/Xceed.Wpf.AvalonDock.resources.dll",
        "lib/net40/hu/Xceed.Wpf.AvalonDock.resources.dll",
        "lib/net40/it/Xceed.Wpf.AvalonDock.resources.dll",
        "lib/net40/pt-BR/Xceed.Wpf.AvalonDock.resources.dll",
        "lib/net40/ro/Xceed.Wpf.AvalonDock.resources.dll",
        "lib/net40/ru/Xceed.Wpf.AvalonDock.resources.dll",
        "lib/net40/sv/Xceed.Wpf.AvalonDock.resources.dll",
        "lib/net40/zh-Hans/Xceed.Wpf.AvalonDock.resources.dll",
        "tools/install.ps1"
      ]
    },
    "Google.Apis/1.34.0": {
      "sha512": "1itIzBK3nDrc7cQ0fVX8QXFsNHndk6ITVG0Z76fWB2zR1HZjcnolb5/WIswCJmKB2jgX040poB7hxLPMUN4Uug==",
      "type": "package",
      "path": "google.apis/1.34.0",
      "files": [
        ".signature.p7s",
        "google.apis.1.34.0.nupkg.sha512",
        "google.apis.nuspec",
        "lib/net45/Google.Apis.PlatformServices.dll",
        "lib/net45/Google.Apis.dll",
        "lib/net45/Google.Apis.pdb",
        "lib/net45/Google.Apis.xml",
        "lib/netstandard1.3/Google.Apis.dll",
        "lib/netstandard1.3/Google.Apis.pdb",
        "lib/netstandard1.3/Google.Apis.xml"
      ]
    },
    "Google.Apis.Auth/1.34.0": {
      "sha512": "GeZu6AZwg7bpD/2kcMn19PUhf9MdXhDi++D+Hs1Ecxj/o4cCHv4F4ggDFikO3GASf98tNeDmPv0nDSkg3ZGpzA==",
      "type": "package",
      "path": "google.apis.auth/1.34.0",
      "files": [
        ".signature.p7s",
        "google.apis.auth.1.34.0.nupkg.sha512",
        "google.apis.auth.nuspec",
        "lib/net45/Google.Apis.Auth.PlatformServices.dll",
        "lib/net45/Google.Apis.Auth.dll",
        "lib/net45/Google.Apis.Auth.pdb",
        "lib/net45/Google.Apis.Auth.xml",
        "lib/netstandard1.3/Google.Apis.Auth.PlatformServices.dll",
        "lib/netstandard1.3/Google.Apis.Auth.dll",
        "lib/netstandard1.3/Google.Apis.Auth.pdb",
        "lib/netstandard1.3/Google.Apis.Auth.xml"
      ]
    },
    "Google.Apis.Core/1.34.0": {
      "sha512": "4qNccAVSOjgHk69LXc+aQMRwQVtGCRby8kP7Z4uuWDCoNhYWTjCrqRISidpKTsE5dQk9OvjwwX/cPO8EuasT9A==",
      "type": "package",
      "path": "google.apis.core/1.34.0",
      "files": [
        ".signature.p7s",
        "google.apis.core.1.34.0.nupkg.sha512",
        "google.apis.core.nuspec",
        "lib/net45/Google.Apis.Core.dll",
        "lib/net45/Google.Apis.Core.pdb",
        "lib/net45/Google.Apis.Core.xml",
        "lib/netstandard1.3/Google.Apis.Core.dll",
        "lib/netstandard1.3/Google.Apis.Core.pdb",
        "lib/netstandard1.3/Google.Apis.Core.xml"
      ]
    },
    "Google.Apis.Gmail.v1/1.34.0.1223": {
      "sha512": "YlPH73whIEiFzbi7OoTwcHWpyIrXc0sTvqfhdJBKHsRzCNQV4JVnmJTccEGrM+OPnmTu37BJgHIJcfheQ/Rl8g==",
      "type": "package",
      "path": "google.apis.gmail.v1/1.34.0.1223",
      "files": [
        ".signature.p7s",
        "google.apis.gmail.v1.1.34.0.1223.nupkg.sha512",
        "google.apis.gmail.v1.nuspec",
        "lib/net40/Google.Apis.Gmail.v1.dll",
        "lib/net40/Google.Apis.Gmail.v1.pdb",
        "lib/net40/Google.Apis.Gmail.v1.xml",
        "lib/net45/Google.Apis.Gmail.v1.dll",
        "lib/net45/Google.Apis.Gmail.v1.pdb",
        "lib/net45/Google.Apis.Gmail.v1.xml",
        "lib/netstandard1.0/Google.Apis.Gmail.v1.dll",
        "lib/netstandard1.0/Google.Apis.Gmail.v1.pdb",
        "lib/netstandard1.0/Google.Apis.Gmail.v1.xml",
        "lib/netstandard1.3/Google.Apis.Gmail.v1.dll",
        "lib/netstandard1.3/Google.Apis.Gmail.v1.pdb",
        "lib/netstandard1.3/Google.Apis.Gmail.v1.xml"
      ]
    },
    "Humanizer.Core/2.4.2": {
      "sha512": "A8amPZrfrFU+6BO+t/NLejofWah39XsRuovQqaHdYYtXANM+dexMrc+AbLmuH3qNV4hJv6FArBsBBtZcaODLZg==",
      "type": "package",
      "path": "humanizer.core/2.4.2",
      "files": [
        ".signature.p7s",
        "humanizer.core.2.4.2.nupkg.sha512",
        "humanizer.core.nuspec",
        "lib/netstandard1.0/Humanizer.dll",
        "lib/netstandard1.0/Humanizer.xml",
        "lib/netstandard2.0/Humanizer.dll",
        "lib/netstandard2.0/Humanizer.xml"
      ]
    },
    "Microsoft.Exchange.WebServices/2.2.0": {
      "sha512": "NlkaTD0uWtg9VbiWq0VDWMBPzHFknH3tmstrxt0acrT09LBGqATTjRpsGOODz6tUdX7/dehBinxsf75U5Uw/+A==",
      "type": "package",
      "path": "microsoft.exchange.webservices/2.2.0",
      "files": [
        "doc/License Terms.rtf",
        "doc/README.htm",
        "doc/Redist.txt",
        "lib/40/Microsoft.Exchange.WebServices.Auth.dll",
        "lib/40/Microsoft.Exchange.WebServices.Auth.pdb",
        "lib/40/Microsoft.Exchange.WebServices.Auth.xml",
        "lib/40/Microsoft.Exchange.WebServices.dll",
        "lib/40/Microsoft.Exchange.WebServices.pdb",
        "lib/40/Microsoft.Exchange.WebServices.xml",
        "microsoft.exchange.webservices.2.2.0.nupkg.sha512",
        "microsoft.exchange.webservices.nuspec"
      ]
    },
    "Microsoft.Rest.ClientRuntime/2.3.10": {
      "sha512": "a30J6t7LRkYx974tLaRnJc/dYZ1M7uhc5vdgULxdhL7HJNJydG7e+jyAVD15gK+vFR1i9MH+5Ch9t1zhb/Lp1g==",
      "type": "package",
      "path": "microsoft.rest.clientruntime/2.3.10",
      "files": [
        ".signature.p7s",
        "lib/net452/Microsoft.Rest.ClientRuntime.dll",
        "lib/net452/Microsoft.Rest.ClientRuntime.runtimeconfig.json",
        "lib/net452/Microsoft.Rest.ClientRuntime.xml",
        "lib/netstandard1.4/Microsoft.Rest.ClientRuntime.dll",
        "lib/netstandard1.4/Microsoft.Rest.ClientRuntime.runtimeconfig.json",
        "lib/netstandard1.4/Microsoft.Rest.ClientRuntime.xml",
        "microsoft.rest.clientruntime.2.3.10.nupkg.sha512",
        "microsoft.rest.clientruntime.nuspec"
      ]
    },
    "Microsoft.VisualStudio.OLE.Interop/7.10.6071": {
      "sha512": "PuINhJH41DbKfkNU+qcyC4Wlt/z0DgI/ViZv6gjUclylnFbUIpCdqm4fK+PKJDfiarHTKnGWkxjKuOIS1Bqs5Q==",
      "type": "package",
      "path": "microsoft.visualstudio.ole.interop/7.10.6071",
      "files": [
        "lib/Microsoft.VisualStudio.OLE.Interop.dll",
        "lib/Microsoft.VisualStudio.OLE.Interop.xml",
        "microsoft.visualstudio.ole.interop.7.10.6071.nupkg.sha512",
        "microsoft.visualstudio.ole.interop.nuspec"
      ]
    },
    "MimeKit/2.0.6": {
      "sha512": "4E5mpiqYA/cWO/JIyYwHduKEcPWmq4uG74EWpMEmF5wnBtJgt8tmYnbnHnpXCntSJwX33Ugroj8JY7ZOoFTqHA==",
      "type": "package",
      "path": "mimekit/2.0.6",
      "files": [
        ".signature.p7s",
        "lib/monoandroid/BouncyCastle.dll",
        "lib/monoandroid/MimeKit.dll",
        "lib/monoandroid/MimeKit.xml",
        "lib/net45/MimeKit.dll",
        "lib/net45/MimeKit.xml",
        "lib/netstandard1.3/MimeKit.dll",
        "lib/netstandard1.3/MimeKit.xml",
        "lib/netstandard1.6/MimeKit.dll",
        "lib/netstandard1.6/MimeKit.xml",
        "lib/netstandard2.0/MimeKit.dll",
        "lib/netstandard2.0/MimeKit.xml",
        "lib/portable-net45+win8+wpa81/MimeKit.dll",
        "lib/portable-net45+win8+wpa81/MimeKit.xml",
        "lib/portable-net45+win8+wpa81/Portable.Text.Encoding.dll",
        "lib/portable-net45+win8/MimeKit.dll",
        "lib/portable-net45+win8/MimeKit.xml",
        "lib/portable-net45+win8/Portable.Text.Encoding.dll",
        "lib/xamarinios/BouncyCastle.dll",
        "lib/xamarinios/MimeKit.dll",
        "lib/xamarinios/MimeKit.xml",
        "mimekit.2.0.6.nupkg.sha512",
        "mimekit.nuspec"
      ]
    },
    "Newtonsoft.Json/11.0.2": {
      "sha512": "IvJe1pj7JHEsP8B8J8DwlMEx8UInrs/x+9oVY+oCD13jpLu4JbJU2WCIsMRn5C4yW9+DgkaO8uiVE5VHKjpmdQ==",
      "type": "package",
      "path": "newtonsoft.json/11.0.2",
      "files": [
        "LICENSE.md",
        "lib/net20/Newtonsoft.Json.dll",
        "lib/net20/Newtonsoft.Json.xml",
        "lib/net35/Newtonsoft.Json.dll",
        "lib/net35/Newtonsoft.Json.xml",
        "lib/net40/Newtonsoft.Json.dll",
        "lib/net40/Newtonsoft.Json.xml",
        "lib/net45/Newtonsoft.Json.dll",
        "lib/net45/Newtonsoft.Json.xml",
        "lib/netstandard1.0/Newtonsoft.Json.dll",
        "lib/netstandard1.0/Newtonsoft.Json.xml",
        "lib/netstandard1.3/Newtonsoft.Json.dll",
        "lib/netstandard1.3/Newtonsoft.Json.xml",
        "lib/netstandard2.0/Newtonsoft.Json.dll",
        "lib/netstandard2.0/Newtonsoft.Json.xml",
        "lib/portable-net40+sl5+win8+wp8+wpa81/Newtonsoft.Json.dll",
        "lib/portable-net40+sl5+win8+wp8+wpa81/Newtonsoft.Json.xml",
        "lib/portable-net45+win8+wp8+wpa81/Newtonsoft.Json.dll",
        "lib/portable-net45+win8+wp8+wpa81/Newtonsoft.Json.xml",
        "newtonsoft.json.11.0.2.nupkg.sha512",
        "newtonsoft.json.nuspec"
      ]
    },
    "NPOI/2.4.1": {
      "sha512": "85790/CY9z4DCU1KLpcdLSqaqaqmQOenTqXJfcsYK8LIKNAAoTgjT5LYLbORgdwAd63sbaJiCfB1SIn/dAXrJw==",
      "type": "package",
      "path": "npoi/2.4.1",
      "files": [
        "LICENSE",
        "Read Me.txt",
        "lib/NPOI.xml",
        "lib/net40/NPOI.OOXML.dll",
        "lib/net40/NPOI.OpenXml4Net.dll",
        "lib/net40/NPOI.OpenXmlFormats.dll",
        "lib/net40/NPOI.dll",
        "lib/net45/NPOI.OOXML.dll",
        "lib/net45/NPOI.OpenXml4Net.dll",
        "lib/net45/NPOI.OpenXmlFormats.dll",
        "lib/net45/NPOI.dll",
        "lib/netstandard2.0/NPOI.OOXML.deps.json",
        "lib/netstandard2.0/NPOI.OOXML.dll",
        "lib/netstandard2.0/NPOI.OpenXml4Net.deps.json",
        "lib/netstandard2.0/NPOI.OpenXml4Net.dll",
        "lib/netstandard2.0/NPOI.OpenXmlFormats.deps.json",
        "lib/netstandard2.0/NPOI.OpenXmlFormats.dll",
        "lib/netstandard2.0/NPOI.deps.json",
        "lib/netstandard2.0/NPOI.dll",
        "logo/120_120.jpg",
        "logo/240_240.png",
        "logo/32_32.jpg",
        "logo/60_60.jpg",
        "npoi.2.4.1.nupkg.sha512",
        "npoi.nuspec"
      ]
    },
    "SharpZipLib/1.0.0": {
      "sha512": "YuYztmY3jEb21F6e5LIPHJjApdtzdCPQ284UzsCKNfkgW71bukFHJES6RbKi+wm053XzFg0LX5/2vj/9gl8F/g==",
      "type": "package",
      "path": "sharpziplib/1.0.0",
      "files": [
        "lib/net45/ICSharpCode.SharpZipLib.dll",
        "lib/net45/ICSharpCode.SharpZipLib.xml",
        "lib/netstandard2.0/ICSharpCode.SharpZipLib.dll",
        "lib/netstandard2.0/ICSharpCode.SharpZipLib.xml",
        "sharpziplib.1.0.0.nupkg.sha512",
        "sharpziplib.nuspec"
      ]
    },
    "System.Net.Http/4.3.1": {
      "sha512": "ptz3Ls/2L+NiIhqOSgTarvaHqzuHBKZIc65rvv6flWi0CYEgdA+FCRe1vdrCa2yZykHbOxIFBph1ktB0QTSe2A==",
      "type": "package",
      "path": "system.net.http/4.3.1",
      "files": [
        ".signature.p7s",
        "ThirdPartyNotices.txt",
        "dotnet_library_license.txt",
        "lib/Xamarinmac20/_._",
        "lib/monoandroid10/_._",
        "lib/monotouch10/_._",
        "lib/net45/_._",
        "lib/net46/System.Net.Http.dll",
        "lib/portable-net45+win8+wpa81/_._",
        "lib/win8/_._",
        "lib/wpa81/_._",
        "lib/xamarinios10/_._",
        "lib/xamarintvos10/_._",
        "lib/xamarinwatchos10/_._",
        "ref/Xamarinmac20/_._",
        "ref/monoandroid10/_._",
        "ref/monotouch10/_._",
        "ref/net45/_._",
        "ref/net46/System.Net.Http.dll",
        "ref/net46/System.Net.Http.xml",
        "ref/net46/de/System.Net.Http.xml",
        "ref/net46/es/System.Net.Http.xml",
        "ref/net46/fr/System.Net.Http.xml",
        "ref/net46/it/System.Net.Http.xml",
        "ref/net46/ja/System.Net.Http.xml",
        "ref/net46/ko/System.Net.Http.xml",
        "ref/net46/ru/System.Net.Http.xml",
        "ref/net46/zh-hans/System.Net.Http.xml",
        "ref/net46/zh-hant/System.Net.Http.xml",
        "ref/netcore50/System.Net.Http.dll",
        "ref/netcore50/System.Net.Http.xml",
        "ref/netcore50/de/System.Net.Http.xml",
        "ref/netcore50/es/System.Net.Http.xml",
        "ref/netcore50/fr/System.Net.Http.xml",
        "ref/netcore50/it/System.Net.Http.xml",
        "ref/netcore50/ja/System.Net.Http.xml",
        "ref/netcore50/ko/System.Net.Http.xml",
        "ref/netcore50/ru/System.Net.Http.xml",
        "ref/netcore50/zh-hans/System.Net.Http.xml",
        "ref/netcore50/zh-hant/System.Net.Http.xml",
        "ref/netstandard1.1/System.Net.Http.dll",
        "ref/netstandard1.1/System.Net.Http.xml",
        "ref/netstandard1.1/de/System.Net.Http.xml",
        "ref/netstandard1.1/es/System.Net.Http.xml",
        "ref/netstandard1.1/fr/System.Net.Http.xml",
        "ref/netstandard1.1/it/System.Net.Http.xml",
        "ref/netstandard1.1/ja/System.Net.Http.xml",
        "ref/netstandard1.1/ko/System.Net.Http.xml",
        "ref/netstandard1.1/ru/System.Net.Http.xml",
        "ref/netstandard1.1/zh-hans/System.Net.Http.xml",
        "ref/netstandard1.1/zh-hant/System.Net.Http.xml",
        "ref/netstandard1.3/System.Net.Http.dll",
        "ref/netstandard1.3/System.Net.Http.xml",
        "ref/netstandard1.3/de/System.Net.Http.xml",
        "ref/netstandard1.3/es/System.Net.Http.xml",
        "ref/netstandard1.3/fr/System.Net.Http.xml",
        "ref/netstandard1.3/it/System.Net.Http.xml",
        "ref/netstandard1.3/ja/System.Net.Http.xml",
        "ref/netstandard1.3/ko/System.Net.Http.xml",
        "ref/netstandard1.3/ru/System.Net.Http.xml",
        "ref/netstandard1.3/zh-hans/System.Net.Http.xml",
        "ref/netstandard1.3/zh-hant/System.Net.Http.xml",
        "ref/portable-net45+win8+wpa81/_._",
        "ref/win8/_._",
        "ref/wpa81/_._",
        "ref/xamarinios10/_._",
        "ref/xamarintvos10/_._",
        "ref/xamarinwatchos10/_._",
        "runtimes/unix/lib/netstandard1.6/System.Net.Http.dll",
        "runtimes/win/lib/net46/System.Net.Http.dll",
        "runtimes/win/lib/netcore50/System.Net.Http.dll",
        "runtimes/win/lib/netstandard1.3/System.Net.Http.dll",
        "system.net.http.4.3.1.nupkg.sha512",
        "system.net.http.nuspec"
      ]
    },
    "System.Security.Cryptography.Algorithms/4.3.0": {
      "sha512": "dkHXDCum83v0KdXZSb2kJ/B4CYwty4kk/XmyO7IsS5Vu8UI1Qi2LHMVyDLvMbP7olD1f+Hznq/DVTF6Lziql4g==",
      "type": "package",
      "path": "system.security.cryptography.algorithms/4.3.0",
      "files": [
        ".signature.p7s",
        "ThirdPartyNotices.txt",
        "dotnet_library_license.txt",
        "lib/MonoAndroid10/_._",
        "lib/MonoTouch10/_._",
        "lib/net46/System.Security.Cryptography.Algorithms.dll",
        "lib/net461/System.Security.Cryptography.Algorithms.dll",
        "lib/net463/System.Security.Cryptography.Algorithms.dll",
        "lib/xamarinios10/_._",
        "lib/xamarinmac20/_._",
        "lib/xamarintvos10/_._",
        "lib/xamarinwatchos10/_._",
        "ref/MonoAndroid10/_._",
        "ref/MonoTouch10/_._",
        "ref/net46/System.Security.Cryptography.Algorithms.dll",
        "ref/net461/System.Security.Cryptography.Algorithms.dll",
        "ref/net463/System.Security.Cryptography.Algorithms.dll",
        "ref/netstandard1.3/System.Security.Cryptography.Algorithms.dll",
        "ref/netstandard1.4/System.Security.Cryptography.Algorithms.dll",
        "ref/netstandard1.6/System.Security.Cryptography.Algorithms.dll",
        "ref/xamarinios10/_._",
        "ref/xamarinmac20/_._",
        "ref/xamarintvos10/_._",
        "ref/xamarinwatchos10/_._",
        "runtimes/osx/lib/netstandard1.6/System.Security.Cryptography.Algorithms.dll",
        "runtimes/unix/lib/netstandard1.6/System.Security.Cryptography.Algorithms.dll",
        "runtimes/win/lib/net46/System.Security.Cryptography.Algorithms.dll",
        "runtimes/win/lib/net461/System.Security.Cryptography.Algorithms.dll",
        "runtimes/win/lib/net463/System.Security.Cryptography.Algorithms.dll",
        "runtimes/win/lib/netcore50/System.Security.Cryptography.Algorithms.dll",
        "runtimes/win/lib/netstandard1.6/System.Security.Cryptography.Algorithms.dll",
        "system.security.cryptography.algorithms.4.3.0.nupkg.sha512",
        "system.security.cryptography.algorithms.nuspec"
      ]
    },
    "System.Security.Cryptography.Encoding/4.3.0": {
      "sha512": "XCat0j5jVC83UG9fofcuiYDwN0PVKc2OWD0QVLjYpXn7dz+gNaANkHPbhNtr5PR8rDQNHrxtI912Hb29YAB14A==",
      "type": "package",
      "path": "system.security.cryptography.encoding/4.3.0",
      "files": [
        ".signature.p7s",
        "ThirdPartyNotices.txt",
        "dotnet_library_license.txt",
        "lib/MonoAndroid10/_._",
        "lib/MonoTouch10/_._",
        "lib/net46/System.Security.Cryptography.Encoding.dll",
        "lib/xamarinios10/_._",
        "lib/xamarinmac20/_._",
        "lib/xamarintvos10/_._",
        "lib/xamarinwatchos10/_._",
        "ref/MonoAndroid10/_._",
        "ref/MonoTouch10/_._",
        "ref/net46/System.Security.Cryptography.Encoding.dll",
        "ref/netstandard1.3/System.Security.Cryptography.Encoding.dll",
        "ref/netstandard1.3/System.Security.Cryptography.Encoding.xml",
        "ref/netstandard1.3/de/System.Security.Cryptography.Encoding.xml",
        "ref/netstandard1.3/es/System.Security.Cryptography.Encoding.xml",
        "ref/netstandard1.3/fr/System.Security.Cryptography.Encoding.xml",
        "ref/netstandard1.3/it/System.Security.Cryptography.Encoding.xml",
        "ref/netstandard1.3/ja/System.Security.Cryptography.Encoding.xml",
        "ref/netstandard1.3/ko/System.Security.Cryptography.Encoding.xml",
        "ref/netstandard1.3/ru/System.Security.Cryptography.Encoding.xml",
        "ref/netstandard1.3/zh-hans/System.Security.Cryptography.Encoding.xml",
        "ref/netstandard1.3/zh-hant/System.Security.Cryptography.Encoding.xml",
        "ref/xamarinios10/_._",
        "ref/xamarinmac20/_._",
        "ref/xamarintvos10/_._",
        "ref/xamarinwatchos10/_._",
        "runtimes/unix/lib/netstandard1.3/System.Security.Cryptography.Encoding.dll",
        "runtimes/win/lib/net46/System.Security.Cryptography.Encoding.dll",
        "runtimes/win/lib/netstandard1.3/System.Security.Cryptography.Encoding.dll",
        "system.security.cryptography.encoding.4.3.0.nupkg.sha512",
        "system.security.cryptography.encoding.nuspec"
      ]
    },
    "System.Security.Cryptography.Primitives/4.3.0": {
      "sha512": "WtgnP5mOu5zKL3vQMUPT9tV7XVYGV7Jtb0540DgBD7MMN5ojonwIcw8VybZvS6VloGmE7CRt/Hms8adBsN1DRw==",
      "type": "package",
      "path": "system.security.cryptography.primitives/4.3.0",
      "files": [
        ".signature.p7s",
        "ThirdPartyNotices.txt",
        "dotnet_library_license.txt",
        "lib/MonoAndroid10/_._",
        "lib/MonoTouch10/_._",
        "lib/net46/System.Security.Cryptography.Primitives.dll",
        "lib/netstandard1.3/System.Security.Cryptography.Primitives.dll",
        "lib/xamarinios10/_._",
        "lib/xamarinmac20/_._",
        "lib/xamarintvos10/_._",
        "lib/xamarinwatchos10/_._",
        "ref/MonoAndroid10/_._",
        "ref/MonoTouch10/_._",
        "ref/net46/System.Security.Cryptography.Primitives.dll",
        "ref/netstandard1.3/System.Security.Cryptography.Primitives.dll",
        "ref/xamarinios10/_._",
        "ref/xamarinmac20/_._",
        "ref/xamarintvos10/_._",
        "ref/xamarinwatchos10/_._",
        "system.security.cryptography.primitives.4.3.0.nupkg.sha512",
        "system.security.cryptography.primitives.nuspec"
      ]
    },
    "System.Security.Cryptography.X509Certificates/4.3.0": {
      "sha512": "MY2Gq1Uo4rRE7D5LmCTBvoK7k9tRPqs0sjjkhviGxNdDEO2CwhEEAf5c15Dk2X9KAjoLLVwuKZUtP9AuQnNNAA==",
      "type": "package",
      "path": "system.security.cryptography.x509certificates/4.3.0",
      "files": [
        ".signature.p7s",
        "ThirdPartyNotices.txt",
        "dotnet_library_license.txt",
        "lib/MonoAndroid10/_._",
        "lib/MonoTouch10/_._",
        "lib/net46/System.Security.Cryptography.X509Certificates.dll",
        "lib/net461/System.Security.Cryptography.X509Certificates.dll",
        "lib/xamarinios10/_._",
        "lib/xamarinmac20/_._",
        "lib/xamarintvos10/_._",
        "lib/xamarinwatchos10/_._",
        "ref/MonoAndroid10/_._",
        "ref/MonoTouch10/_._",
        "ref/net46/System.Security.Cryptography.X509Certificates.dll",
        "ref/net461/System.Security.Cryptography.X509Certificates.dll",
        "ref/netstandard1.3/System.Security.Cryptography.X509Certificates.dll",
        "ref/netstandard1.3/System.Security.Cryptography.X509Certificates.xml",
        "ref/netstandard1.3/de/System.Security.Cryptography.X509Certificates.xml",
        "ref/netstandard1.3/es/System.Security.Cryptography.X509Certificates.xml",
        "ref/netstandard1.3/fr/System.Security.Cryptography.X509Certificates.xml",
        "ref/netstandard1.3/it/System.Security.Cryptography.X509Certificates.xml",
        "ref/netstandard1.3/ja/System.Security.Cryptography.X509Certificates.xml",
        "ref/netstandard1.3/ko/System.Security.Cryptography.X509Certificates.xml",
        "ref/netstandard1.3/ru/System.Security.Cryptography.X509Certificates.xml",
        "ref/netstandard1.3/zh-hans/System.Security.Cryptography.X509Certificates.xml",
        "ref/netstandard1.3/zh-hant/System.Security.Cryptography.X509Certificates.xml",
        "ref/netstandard1.4/System.Security.Cryptography.X509Certificates.dll",
        "ref/netstandard1.4/System.Security.Cryptography.X509Certificates.xml",
        "ref/netstandard1.4/de/System.Security.Cryptography.X509Certificates.xml",
        "ref/netstandard1.4/es/System.Security.Cryptography.X509Certificates.xml",
        "ref/netstandard1.4/fr/System.Security.Cryptography.X509Certificates.xml",
        "ref/netstandard1.4/it/System.Security.Cryptography.X509Certificates.xml",
        "ref/netstandard1.4/ja/System.Security.Cryptography.X509Certificates.xml",
        "ref/netstandard1.4/ko/System.Security.Cryptography.X509Certificates.xml",
        "ref/netstandard1.4/ru/System.Security.Cryptography.X509Certificates.xml",
        "ref/netstandard1.4/zh-hans/System.Security.Cryptography.X509Certificates.xml",
        "ref/netstandard1.4/zh-hant/System.Security.Cryptography.X509Certificates.xml",
        "ref/xamarinios10/_._",
        "ref/xamarinmac20/_._",
        "ref/xamarintvos10/_._",
        "ref/xamarinwatchos10/_._",
        "runtimes/unix/lib/netstandard1.6/System.Security.Cryptography.X509Certificates.dll",
        "runtimes/win/lib/net46/System.Security.Cryptography.X509Certificates.dll",
        "runtimes/win/lib/net461/System.Security.Cryptography.X509Certificates.dll",
        "runtimes/win/lib/netcore50/System.Security.Cryptography.X509Certificates.dll",
        "runtimes/win/lib/netstandard1.6/System.Security.Cryptography.X509Certificates.dll",
        "system.security.cryptography.x509certificates.4.3.0.nupkg.sha512",
        "system.security.cryptography.x509certificates.nuspec"
      ]
    },
    "UiPath/10.0.7004.31775": {
      "sha512": "EHSU3kVGPFpsSKDTa6nkw+CTDmRM5X/jlRboFRksoOB3xNI1if2bvI/JtV1XV74hq9oe0i0XhOgn9iGs7C7PUA==",
      "type": "package",
      "path": "uipath/10.0.7004.31775",
      "files": [
        "build/UiPath.targets",
        "build/UiPath/BrowserNativeMessagingImpl.dll",
        "build/UiPath/FuncServer_x64.exe",
        "build/UiPath/FuncServer_x86.exe",
        "build/UiPath/JavaSupport/UiPathBridge.jar",
        "build/UiPath/JavaSupport/UiPathJBIntruder.jar",
        "build/UiPath/JavaSupport/UiPathV8.jar",
        "build/UiPath/JavaSupport/attach_x64/6/attach.dll",
        "build/UiPath/JavaSupport/attach_x64/7/attach.dll",
        "build/UiPath/JavaSupport/attach_x86/6/attach.dll",
        "build/UiPath/JavaSupport/attach_x86/7/attach.dll",
        "build/UiPath/JavaSupport/jaccess-1_2.jar",
        "build/UiPath/JavaSupport/jaccess-1_3.jar",
        "build/UiPath/JavaSupport/jaccess-1_4.jar",
        "build/UiPath/JavaSupport/jaccess.jar",
        "build/UiPath/JavaSupport/tools.jar",
        "build/UiPath/JavaSupport/xml-apis.jar",
        "build/UiPath/Resources/x32.manifest",
        "build/UiPath/Resources/x64.manifest",
        "build/UiPath/SLBroker.dll",
        "build/UiPath/SLBroker.xap",
        "build/UiPath/SLHook.dll",
        "build/UiPath/ShaferFilechck.dll",
        "build/UiPath/TCapture.dll",
        "build/UiPath/TCapture_x64.dll",
        "build/UiPath/UiPath.dll",
        "build/UiPath/UiPathJavaBridgeImplV8.dll",
        "build/UiPath/UiPathJavaBridgeImplV8_x64.dll",
        "build/UiPath/UiPathJavaBridgeV8.dll",
        "build/UiPath/UiPathJavaBridgeV8_x64.dll",
        "build/UiPath/UiPathRemoteRuntime.exe",
        "build/UiPath/UiPathSLB.dll",
        "build/UiPath/UiPathSLB_x64.dll",
        "build/UiPath/UiPathVirtualChannelCitrix.dll",
        "build/UiPath/UiPathVirtualChannelRdp.dll",
        "build/UiPath/UiPath_x64.dll",
        "build/UiPath/aahook.dll",
        "build/UiPath/aahook_x64.dll",
        "build/UiPath/license.config",
        "build/UiPath/msvcr100.dll",
        "build/UiPath/slinject.exe",
        "build/UiPath/x64/ShaferFilechck_x64.DLL",
        "build/UiPath/x64/msvcr100.dll",
        "lib/UiPath.Interop.dll",
        "uipath.10.0.7004.31775.nupkg.sha512",
        "uipath.nuspec"
      ]
    },
    "UiPath.Excel.Activities/2.5.2": {
      "sha512": "CNXcB2+kpNp9z2CUTZKZjNtvO1nqloVmyKRrHUgObqXHSm1syr7wDeVYvYajtOOw5P2vlo0i8Ro85SJRs79fRg==",
      "type": "package",
      "path": "uipath.excel.activities/2.5.2",
      "files": [
        "lib/net452/UiPath.Excel.Activities.Design.dll",
        "lib/net452/UiPath.Excel.Activities.dll",
        "lib/net452/UiPath.Excel.dll",
        "lib/net452/fr/UiPath.Excel.Activities.Design.resources.dll",
        "lib/net452/fr/UiPath.Excel.Activities.resources.dll",
        "lib/net452/fr/UiPath.Excel.resources.dll",
        "lib/net452/ja/UiPath.Excel.Activities.Design.resources.dll",
        "lib/net452/ja/UiPath.Excel.Activities.resources.dll",
        "lib/net452/ja/UiPath.Excel.resources.dll",
        "lib/net452/ru/UiPath.Excel.Activities.Design.resources.dll",
        "lib/net452/ru/UiPath.Excel.Activities.resources.dll",
        "lib/net452/ru/UiPath.Excel.resources.dll",
        "uipath.excel.activities.2.5.2.nupkg.sha512",
        "uipath.excel.activities.nuspec"
      ]
    },
    "UiPath.Mail.Activities/1.3.0": {
      "sha512": "WOCrTHJWhn8MncsdC0K+fbjr9ezI0CynqNCY3MQyjbdTJHlmKvG69kC1/XgdHry0r9hknq2dhB4esgyC5jzmsw==",
      "type": "package",
      "path": "uipath.mail.activities/1.3.0",
      "files": [
        "lib/net452/MailKit.dll",
        "lib/net452/MailKit.xml",
        "lib/net452/MimeKit.dll",
        "lib/net452/MimeKit.xml",
        "lib/net452/UiPath.Mail.Activities.Design.dll",
        "lib/net452/UiPath.Mail.Activities.dll",
        "lib/net452/UiPath.Mail.dll",
        "lib/net452/fr/UiPath.Mail.Activities.Design.resources.dll",
        "lib/net452/fr/UiPath.Mail.Activities.resources.dll",
        "lib/net452/fr/UiPath.Mail.resources.dll",
        "lib/net452/ja/UiPath.Mail.Activities.Design.resources.dll",
        "lib/net452/ja/UiPath.Mail.Activities.resources.dll",
        "lib/net452/ja/UiPath.Mail.resources.dll",
        "lib/net452/ru/UiPath.Mail.Activities.Design.resources.dll",
        "lib/net452/ru/UiPath.Mail.Activities.resources.dll",
        "lib/net452/ru/UiPath.Mail.resources.dll",
        "uipath.mail.activities.1.3.0.nupkg.sha512",
        "uipath.mail.activities.nuspec"
      ]
    },
    "UiPath.System.Activities/19.3.0": {
      "sha512": "8IuKZF1yAzkAZl4SGdOJe8NSRzknF6A3lgRcJVBfqGIA7Kq/xdn/yjbVyvlUg52MND3X4k7ZgGDPZdw1h9zDpw==",
      "type": "package",
      "path": "uipath.system.activities/19.3.0",
      "files": [
        "lib/net461/ActiproSoftware.Docking.Wpf.dll",
        "lib/net461/ActiproSoftware.Ribbon.Wpf.dll",
        "lib/net461/ActiproSoftware.Shared.Wpf.dll",
        "lib/net461/ActiproSoftware.SyntaxEditor.Addons.DotNet.Wpf.dll",
        "lib/net461/ActiproSoftware.SyntaxEditor.Wpf.dll",
        "lib/net461/ActiproSoftware.Text.Addons.DotNet.Wpf.dll",
        "lib/net461/ActiproSoftware.Text.LLParser.Wpf.dll",
        "lib/net461/ActiproSoftware.Text.Wpf.dll",
        "lib/net461/ActiproSoftware.Wizard.Wpf.dll",
        "lib/net461/CustomInputForm.exe",
        "lib/net461/UiPath.OrchestratorClient.dll",
        "lib/net461/UiPath.System.Activities.Design.dll",
        "lib/net461/UiPath.System.Activities.dll",
        "lib/net461/fr/UiPath.System.Activities.Design.resources.dll",
        "lib/net461/fr/UiPath.System.Activities.resources.dll",
        "lib/net461/ja/UiPath.System.Activities.Design.resources.dll",
        "lib/net461/ja/UiPath.System.Activities.resources.dll",
        "lib/net461/ru/UiPath.System.Activities.Design.resources.dll",
        "lib/net461/ru/UiPath.System.Activities.resources.dll",
        "uipath.system.activities.19.3.0.nupkg.sha512",
        "uipath.system.activities.nuspec"
      ]
    },
    "UiPath.UIAutomation.Activities/19.3.0": {
      "sha512": "qoeAv+tKcIBUmeAjepGFnhm3QqAfpxTubfLqtu2Byu5q4XiGFqc5B+r18vaRjIu72e2zItHtcwOGWexLItz7pw==",
      "type": "package",
      "path": "uipath.uiautomation.activities/19.3.0",
      "files": [
        "build/ActiproSoftware.Docking.Wpf.dll",
        "build/ActiproSoftware.Editors.Wpf.dll",
        "build/ActiproSoftware.Ribbon.Wpf.dll",
        "build/ActiproSoftware.Shared.Wpf.dll",
        "build/ActiproSoftware.SyntaxEditor.Addons.DotNet.Wpf.dll",
        "build/ActiproSoftware.SyntaxEditor.Wpf.dll",
        "build/ActiproSoftware.Text.Addons.DotNet.Wpf.dll",
        "build/ActiproSoftware.Text.LLParser.Wpf.dll",
        "build/ActiproSoftware.Text.Wpf.dll",
        "build/ActiproSoftware.Wizard.Wpf.dll",
        "build/ICSharpCode.AvalonEdit.dll",
        "build/UiExplorer.exe",
        "build/UiExplorer.exe.config",
        "build/UiPath.Activities.Contracts.dll",
        "build/UiPath.UiAutomation.Activities.dll",
        "build/fr/UiExplorer.resources.dll",
        "build/fr/UiPath.UiAutomation.Activities.resources.dll",
        "build/ja/UiExplorer.resources.dll",
        "build/ja/UiPath.UiAutomation.Activities.resources.dll",
        "build/ru/UiExplorer.resources.dll",
        "build/ru/UiPath.UiAutomation.Activities.resources.dll",
        "lib/net461/ActiproSoftware.Docking.Wpf.dll",
        "lib/net461/ActiproSoftware.Editors.Wpf.dll",
        "lib/net461/ActiproSoftware.Ribbon.Wpf.dll",
        "lib/net461/ActiproSoftware.Shared.Wpf.dll",
        "lib/net461/ActiproSoftware.SyntaxEditor.Addons.DotNet.Wpf.dll",
        "lib/net461/ActiproSoftware.SyntaxEditor.Wpf.dll",
        "lib/net461/ActiproSoftware.Text.Addons.DotNet.Wpf.dll",
        "lib/net461/ActiproSoftware.Text.LLParser.Wpf.dll",
        "lib/net461/ActiproSoftware.Text.Wpf.dll",
        "lib/net461/ActiproSoftware.Wizard.Wpf.dll",
        "lib/net461/UiPath.UIAutomation.Activities.Design.dll",
        "lib/net461/UiPath.UiAutomation.Activities.dll",
        "lib/net461/UiPath.Wizards.dll",
        "lib/net461/fr/UiPath.UIAutomation.Activities.Design.resources.dll",
        "lib/net461/fr/UiPath.UiAutomation.Activities.resources.dll",
        "lib/net461/fr/UiPath.Wizards.resources.dll",
        "lib/net461/ja/UiPath.UIAutomation.Activities.Design.resources.dll",
        "lib/net461/ja/UiPath.UiAutomation.Activities.resources.dll",
        "lib/net461/ja/UiPath.Wizards.resources.dll",
        "lib/net461/ru/UiPath.UIAutomation.Activities.Design.resources.dll",
        "lib/net461/ru/UiPath.UiAutomation.Activities.resources.dll",
        "lib/net461/ru/UiPath.Wizards.resources.dll",
        "uipath.uiautomation.activities.19.3.0.nupkg.sha512",
        "uipath.uiautomation.activities.nuspec"
      ]
    },
    "UiPath.Vision/1.4.0": {
      "sha512": "GKT3w+HYH8eo6IMitVq/qCCLVCNjH1CI3siZtM7JAfaToXqCyLnihATR07Y87eCszzs2eFbqO0H0XpgobBKCZw==",
      "type": "package",
      "path": "uipath.vision/1.4.0",
      "files": [
        "build/AForge.Imaging.dll",
        "build/AForge.Math.dll",
        "build/AForge.dll",
        "build/AbbyyOnlineSdk.dll",
        "build/BouncyCastle.Crypto.dll",
        "build/Emgu.CV.World.dll",
        "build/Exceptionless.dll",
        "build/Google.Api.CommonProtos.dll",
        "build/Google.Api.Gax.Grpc.dll",
        "build/Google.Api.Gax.dll",
        "build/Google.Apis.Auth.PlatformServices.dll",
        "build/Google.Apis.Auth.dll",
        "build/Google.Apis.Core.dll",
        "build/Google.Apis.PlatformServices.dll",
        "build/Google.Apis.dll",
        "build/Google.Cloud.Vision.V1.dll",
        "build/Google.LongRunning.dll",
        "build/Google.Protobuf.dll",
        "build/Grpc.Auth.dll",
        "build/Grpc.Core.dll",
        "build/Microsoft.Azure.CognitiveServices.Vision.ComputerVision.dll",
        "build/Microsoft.ProjectOxford.Vision.dll",
        "build/Microsoft.Rest.ClientRuntime.Azure.dll",
        "build/Microsoft.Rest.ClientRuntime.dll",
        "build/NLog.dll",
        "build/Newtonsoft.Json.dll",
        "build/System.Collections.Immutable.dll",
        "build/System.Interactive.Async.dll",
        "build/System.ValueTuple.dll",
        "build/UiPath.Vision.AbbyyCloud.dll",
        "build/UiPath.Vision.AbbyyFRE11.dll",
        "build/UiPath.Vision.AbbyyFRE12.dll",
        "build/UiPath.Vision.AbbyyFRECommon.dll",
        "build/UiPath.Vision.AzureComputerVision.dll",
        "build/UiPath.Vision.Core.dll",
        "build/UiPath.Vision.GoogleCloud.dll",
        "build/UiPath.Vision.Host32.exe",
        "build/UiPath.Vision.Host32.exe.config",
        "build/UiPath.Vision.Microsoft.dll",
        "build/UiPath.Vision.MicrosoftCloud.dll",
        "build/UiPath.Vision.Tesseract.dll",
        "build/UiPath.Vision.dll",
        "build/ZedGraph.dll",
        "build/Zlib.Portable.dll",
        "build/grpc_csharp_ext.x64.dll",
        "build/grpc_csharp_ext.x86.dll",
        "build/log4net.dll",
        "build/nlog.config",
        "build/tessdata/eng.traineddata",
        "build/x86/concrt140.dll",
        "build/x86/cvextern.dll",
        "build/x86/msvcp140.dll",
        "build/x86/opencv_ffmpeg341.dll",
        "build/x86/tbb.dll",
        "build/x86/vcruntime140.dll",
        "lib/net452/UiPath.Vision.AbbyyCloud.dll",
        "lib/net452/UiPath.Vision.AbbyyFRE11.dll",
        "lib/net452/UiPath.Vision.AbbyyFRE12.dll",
        "lib/net452/UiPath.Vision.AbbyyFRECommon.dll",
        "lib/net452/UiPath.Vision.AzureComputerVision.dll",
        "lib/net452/UiPath.Vision.Core.dll",
        "lib/net452/UiPath.Vision.GoogleCloud.dll",
        "lib/net452/UiPath.Vision.Host32.exe",
        "lib/net452/UiPath.Vision.Microsoft.dll",
        "lib/net452/UiPath.Vision.MicrosoftCloud.dll",
        "lib/net452/UiPath.Vision.Tesseract.dll",
        "lib/net452/UiPath.Vision.dll",
        "uipath.vision.1.4.0.nupkg.sha512",
        "uipath.vision.nuspec"
      ]
    },
    "UiPathTeam.Gmail.Activities/1.0.6822.33137": {
      "sha512": "jz2KKsfOxMREl8b/7roR5WrO2zxsZQNuk/5KhkQ8LTZ33kNWLKAqw+tDuqE5k7RTzch3u95Tg1zLz62sXLOAzA==",
      "type": "package",
      "path": "uipathteam.gmail.activities/1.0.6822.33137",
      "files": [
        "lib/net452/UiPathTeam.Gmail.Activities.Designer.dll",
        "lib/net452/UiPathTeam.Gmail.Activities.dll",
        "uipathteam.gmail.activities.1.0.6822.33137.nupkg.sha512",
        "uipathteam.gmail.activities.nuspec"
      ]
    }
  },
  "projectFileDependencyGroups": {
    "": [],
    ".NETFramework,Version=v4.6.1": [
      "UiPath.Excel.Activities >= 2.5.2 <= 2.5.2",
      "UiPath.Mail.Activities >= 1.3.0 <= 1.3.0",
      "UiPath.System.Activities >= 19.3.0 <= 19.3.0",
      "UiPath.UIAutomation.Activities >= 19.3.0 <= 19.3.0",
      "UiPathTeam.Gmail.Activities >= 1.0.6822.33137 <= 1.0.6822.33137"
    ]
  },
  "packageFolders": {
    "C:\\Users\\Heroi Dorin\\.nuget\\packages\\": {}
  },
  "project": {
    "restore": {
      "projectUniqueName": "BlankProcess",
      "projectName": "BlankProcess",
      "projectPath": "G:\\XAMPP\\htdocs\\bcr\\.local",
      "packagesPath": "C:\\Users\\Heroi Dorin\\.nuget\\packages\\",
      "outputPath": "G:\\XAMPP\\htdocs\\bcr\\.local"
    },
    "frameworks": {
      "net461": {
        "dependencies": {
          "UiPath.Excel.Activities": {
            "include": "Runtime",
            "target": "Package",
            "version": "[2.5.2, 2.5.2]"
          },
          "UiPath.Mail.Activities": {
            "include": "Runtime",
            "target": "Package",
            "version": "[1.3.0, 1.3.0]"
          },
          "UiPath.System.Activities": {
            "include": "Runtime",
            "target": "Package",
            "version": "[19.3.0, 19.3.0]"
          },
          "UiPath.UIAutomation.Activities": {
            "include": "Runtime",
            "target": "Package",
            "version": "[19.3.0, 19.3.0]"
          },
          "UiPathTeam.Gmail.Activities": {
            "include": "Runtime",
            "target": "Package",
            "version": "[1.0.6822.33137, 1.0.6822.33137]"
          }
        }
      }
    }
  }
}